fpr,tpr,threshold
0.0,0.0,inf
0.0,0.001006036217303823,0.7432221114635467
0.001006036217303823,0.001006036217303823,0.6303956747055057
0.001006036217303823,0.002012072434607646,0.5074461579322813
0.002012072434607646,0.002012072434607646,0.46631567478179914
0.002012072434607646,0.0030181086519114686,0.41142081022262555
0.007042253521126761,0.0030181086519114686,0.32250943183898917
0.007042253521126761,0.004024144869215292,0.322216582298279
0.008048289738430584,0.004024144869215292,0.3187985062599181
0.008048289738430584,0.005030181086519115,0.3177712440490721
0.009054325955734407,0.005030181086519115,0.30329219102859506
0.009054325955734407,0.008048289738430584,0.28080960512161246
0.011066398390342052,0.008048289738430584,0.25418671369552603
0.011066398390342052,0.009054325955734407,0.246568500995636
0.013078470824949699,0.009054325955734407,0.24418822526931772
0.013078470824949699,0.01006036217303823,0.24078142642974854
0.01710261569416499,0.01006036217303823,0.22359144687652588
0.01710261569416499,0.012072434607645875,0.2178486943244935
0.02012072434607646,0.012072434607645875,0.2045221805572508
0.02012072434607646,0.013078470824949699,0.2000649452209471
0.026156941649899398,0.013078470824949699,0.18420960903167716
0.026156941649899398,0.014084507042253521,0.18381394147872943
0.028169014084507043,0.014084507042253521,0.17905993461608904
0.028169014084507043,0.015090543259557344,0.17689220905303937
0.03319919517102616,0.015090543259557344,0.1682121455669403
0.03319919517102616,0.01609657947686117,0.1679161071777342
0.03420523138832998,0.01609657947686117,0.16642975807189941
0.03420523138832998,0.01710261569416499,0.16569253206253087
0.03621730382293763,0.01710261569416499,0.15920068025589007
0.03621730382293763,0.018108651911468814,0.1585616588592531
0.04024144869215292,0.018108651911468814,0.15060367584228507
0.04024144869215292,0.019114688128772636,0.14986406564712507
0.04225352112676056,0.019114688128772636,0.1469078302383422
0.04225352112676056,0.02112676056338028,0.14322718381881705
0.04527162977867203,0.02112676056338028,0.1411570668220521
0.04527162977867203,0.022132796780684104,0.13897645473480225
0.047283702213279676,0.022132796780684104,0.13847492933273298
0.047283702213279676,0.02414486921529175,0.1367878556251525
0.0482897384305835,0.02414486921529175,0.13531023263931274
0.0482897384305835,0.025150905432595575,0.13495038747787458
0.04929577464788732,0.025150905432595575,0.13424848318099958
0.04929577464788732,0.026156941649899398,0.13396852016448957
0.05030181086519115,0.026156941649899398,0.13011218309402484
0.05030181086519115,0.02716297786720322,0.129783034324646
0.05331991951710262,0.02716297786720322,0.12858725786209124
0.05331991951710262,0.028169014084507043,0.1281555414199831
0.05432595573440644,0.028169014084507043,0.12770310640335092
0.05432595573440644,0.029175050301810865,0.12757610082626325
0.056338028169014086,0.029175050301810865,0.12675117254257184
0.056338028169014086,0.030181086519114688,0.12600783109664881
0.0613682092555332,0.030181086519114688,0.12053618431091317
0.0613682092555332,0.03118712273641851,0.11927179098129281
0.06438631790744467,0.03118712273641851,0.11569783687591562
0.06438631790744467,0.03219315895372234,0.11541122198104858
0.06639839034205232,0.03219315895372234,0.11301521062850961
0.06639839034205232,0.03319919517102616,0.11295949816703788
0.06841046277665996,0.03319919517102616,0.11157870292663574
0.06841046277665996,0.03420523138832998,0.11098253726959229
0.07042253521126761,0.03420523138832998,0.1105103850364686
0.07042253521126761,0.035211267605633804,0.11036520004272443
0.07142857142857142,0.035211267605633804,0.11007355451583845
0.07142857142857142,0.03621730382293763,0.1100304126739502
0.07243460764587525,0.03621730382293763,0.10924336910247812
0.07243460764587525,0.039235412474849095,0.10713158845901471
0.07645875251509054,0.039235412474849095,0.10558209419250497
0.07645875251509054,0.04024144869215292,0.10520998239517221
0.07746478873239436,0.04024144869215292,0.10485631227493286
0.07746478873239436,0.04124748490945674,0.10474950075149536
0.08048289738430583,0.04124748490945674,0.10181596279144278
0.08048289738430583,0.04225352112676056,0.10149914026260376
0.08148893360160966,0.04225352112676056,0.10148974657058707
0.08148893360160966,0.0482897384305835,0.0969956874847413
0.08249496981891348,0.0482897384305835,0.09665461778640738
0.08249496981891348,0.052313883299798795,0.09557310342788705
0.08450704225352113,0.052313883299798795,0.09539583921432504
0.08450704225352113,0.05533199195171026,0.09446340799331665
0.0875251509054326,0.05533199195171026,0.09359564781188956
0.0875251509054326,0.056338028169014086,0.09294852018356314
0.08953722334004025,0.056338028169014086,0.09284297227859506
0.08953722334004025,0.0613682092555332,0.09176586866378766
0.09456740442655935,0.0613682092555332,0.09039074182510376
0.09456740442655935,0.06237424547283702,0.0901618242263793
0.09557344064386318,0.06237424547283702,0.08969365358352643
0.09557344064386318,0.06639839034205232,0.08889572620391828
0.09758551307847083,0.06639839034205232,0.08839538097381583
0.09758551307847083,0.06740442655935613,0.08836673498153669
0.09959758551307847,0.06740442655935613,0.08720306158065805
0.09959758551307847,0.06941649899396378,0.08651216030120867
0.10160965794768612,0.06941649899396378,0.08615740537643424
0.10160965794768612,0.07042253521126761,0.08613867759704608
0.10261569416498995,0.07042253521126761,0.08573495149612409
0.10261569416498995,0.07746478873239436,0.08437473773956317
0.10362173038229376,0.07746478873239436,0.08425608873367318
0.10362173038229376,0.08249496981891348,0.08363592624664307
0.10865191146881288,0.08249496981891348,0.08197960853576669
0.10865191146881288,0.08350100603621731,0.08188178539276114
0.11066398390342053,0.08350100603621731,0.08175561428070077
0.11066398390342053,0.08551307847082495,0.08156338930130014
0.11167002012072434,0.08551307847082495,0.08153977394103995
0.11167002012072434,0.08651911468812877,0.08147170543670645
0.11368209255533199,0.08651911468812877,0.0809993267059328
0.11368209255533199,0.0875251509054326,0.08095685243606576
0.11468812877263582,0.0875251509054326,0.08074586391448957
0.11468812877263582,0.08953722334004025,0.08066763877868643
0.11569416498993963,0.08953722334004025,0.08063831329345694
0.11569416498993963,0.09154929577464789,0.08017495870590219
0.11670020120724346,0.09154929577464789,0.07990102767944318
0.11670020120724346,0.0925553319919517,0.07980738878250104
0.11770623742454728,0.0925553319919517,0.07980068922042838
0.11770623742454728,0.09456740442655935,0.07976450920104972
0.11971830985915492,0.09456740442655935,0.07945892810821542
0.11971830985915492,0.09557344064386318,0.07929656505584726
0.12072434607645875,0.09557344064386318,0.07923775911331177
0.12072434607645875,0.09758551307847083,0.07889282703399658
0.12173038229376258,0.09758551307847083,0.07884351015090951
0.12173038229376258,0.09859154929577464,0.07845581769943255
0.12474849094567404,0.09859154929577464,0.0779829144477846
0.12474849094567404,0.09959758551307847,0.07772057056426984
0.1267605633802817,0.09959758551307847,0.07753785848617545
0.1267605633802817,0.10362173038229376,0.07676388025283831
0.12877263581488935,0.10362173038229376,0.07638100385665902
0.12877263581488935,0.10462776659959759,0.07605141401290894
0.12977867203219315,0.10462776659959759,0.07567410469055158
0.12977867203219315,0.10663983903420524,0.0754659414291381
0.1358148893360161,0.10663983903420524,0.07418346405029297
0.1358148893360161,0.1096579476861167,0.07383023500442487
0.13782696177062373,0.1096579476861167,0.0734434723854065
0.13782696177062373,0.11066398390342053,0.07331211566925067
0.1398390342052314,0.11066398390342053,0.0731540322303772
0.1398390342052314,0.11167002012072434,0.07296495437622053
0.14084507042253522,0.11167002012072434,0.07294336557388315
0.14084507042253522,0.11267605633802817,0.07268203496933001
0.14185110663983905,0.11267605633802817,0.0726161718368532
0.14185110663983905,0.11368209255533199,0.0725780725479126
0.14386317907444668,0.11368209255533199,0.07241611480712873
0.14386317907444668,0.11569416498993963,0.0722528815269472
0.1448692152917505,0.11569416498993963,0.07222142219543448
0.1448692152917505,0.11670020120724346,0.07204421758651725
0.14587525150905434,0.11670020120724346,0.0718607425689699
0.14587525150905434,0.11971830985915492,0.07172856330871591
0.14688128772635814,0.11971830985915492,0.07169234752655029
0.14688128772635814,0.12072434607645875,0.07164022922515878
0.14989939637826963,0.12072434607645875,0.07125780582427987
0.14989939637826963,0.12173038229376258,0.07115430831909197
0.1529175050301811,0.12173038229376258,0.07099739313125619
0.1529175050301811,0.1227364185110664,0.07095565795898429
0.15392354124748492,0.1227364185110664,0.07084439992904645
0.15392354124748492,0.12474849094567404,0.07056257724761972
0.1579476861167002,0.12474849094567404,0.06999508142471322
0.1579476861167002,0.12575452716297786,0.06981416940689078
0.158953722334004,0.12575452716297786,0.06979560852050781
0.158953722334004,0.1267605633802817,0.06979225873947126
0.16297786720321933,0.1267605633802817,0.06948779821395856
0.16297786720321933,0.13078470824949698,0.06901540756225577
0.16498993963782696,0.13078470824949698,0.06859399080276507
0.16498993963782696,0.1317907444668008,0.0684307575225831
0.1659959758551308,0.1317907444668008,0.06811888217926043
0.1659959758551308,0.1398390342052314,0.06696550846099836
0.16700201207243462,0.1398390342052314,0.06674426794052124
0.16700201207243462,0.14084507042253522,0.06669223308563232
0.16800804828973842,0.14084507042253522,0.06668449640274066
0.16800804828973842,0.14185110663983905,0.06646194458007804
0.16901408450704225,0.14185110663983905,0.06643830537796003
0.16901408450704225,0.14386317907444668,0.06631805896759024
0.17002012072434608,0.14386317907444668,0.06620086431503314
0.17002012072434608,0.14587525150905434,0.06611064672470102
0.1710261569416499,0.14587525150905434,0.06608438491821289
0.1710261569416499,0.15090543259557343,0.06542655229568473
0.1720321931589537,0.15090543259557343,0.06539942026138323
0.1720321931589537,0.1529175050301811,0.06521773338317871
0.1750503018108652,0.1529175050301811,0.06488853693008423
0.1750503018108652,0.15593561368209255,0.06456507444381732
0.176056338028169,0.15593561368209255,0.0645287036895752
0.176056338028169,0.15694164989939638,0.06447988748550415
0.1790744466800805,0.15694164989939638,0.06424822807312003
0.1790744466800805,0.158953722334004,0.06402673721313468
0.18209255533199195,0.158953722334004,0.06393232345581046
0.18209255533199195,0.16498993963782696,0.06329762935638428
0.1841046277665996,0.16498993963782696,0.06314803361892718
0.1841046277665996,0.16700201207243462,0.06292455196380597
0.1851106639839034,0.16700201207243462,0.06289490461349478
0.1851106639839034,0.16901408450704225,0.06270788908004743
0.1881287726358149,0.16901408450704225,0.06234893798828134
0.1881287726358149,0.17002012072434608,0.06233623027801505
0.1921529175050302,0.17002012072434608,0.061587846279144376
0.1921529175050302,0.1710261569416499,0.061467325687408536
0.19416498993963782,0.1710261569416499,0.06137261390686044
0.19416498993963782,0.1720321931589537,0.06128337383270255
0.19517102615694165,0.1720321931589537,0.061251699924468994
0.19517102615694165,0.17303822937625754,0.061234235763549805
0.19617706237424548,0.17303822937625754,0.061172306537628174
0.19617706237424548,0.176056338028169,0.06072556972503662
0.1981891348088531,0.176056338028169,0.060455167293548495
0.1981891348088531,0.17706237424547283,0.06045453548431379
0.19919517102615694,0.17706237424547283,0.06002808809280413
0.19919517102615694,0.17806841046277666,0.059967660903930575
0.2012072434607646,0.17806841046277666,0.05990257263183585
0.2012072434607646,0.1790744466800805,0.05986133813858041
0.2022132796780684,0.1790744466800805,0.05982435941696185
0.2022132796780684,0.18108651911468812,0.05971630811691275
0.20321931589537223,0.18108651911468812,0.0596454858779909
0.20321931589537223,0.18611670020120724,0.05897580385208112
0.20422535211267606,0.18611670020120724,0.05895839929580671
0.20422535211267606,0.1891348088531187,0.05853676795959473
0.2052313883299799,0.1891348088531187,0.058337736129760565
0.2052313883299799,0.19014084507042253,0.058157694339752375
0.2062374245472837,0.19014084507042253,0.058105432987213046
0.2062374245472837,0.19114688128772636,0.058079314231872736
0.20724346076458752,0.19114688128772636,0.05802241563797006
0.20724346076458752,0.19517102615694165,0.057788109779358
0.20925553319919518,0.19517102615694165,0.057464885711669744
0.20925553319919518,0.19919517102615694,0.05730259418487549
0.2112676056338028,0.19919517102615694,0.0571431279182435
0.2112676056338028,0.20020120724346077,0.05694519281387311
0.21428571428571427,0.20020120724346077,0.05653510093688974
0.21428571428571427,0.2012072434607646,0.05650601387023935
0.21629778672032193,0.2012072434607646,0.05648438930511457
0.21629778672032193,0.2022132796780684,0.05643759965896589
0.21730382293762576,0.2022132796780684,0.05638884305953962
0.21730382293762576,0.20925553319919518,0.05515166521072379
0.2193158953722334,0.20925553319919518,0.055113601684570135
0.2193158953722334,0.21227364185110664,0.05491262674331665
0.22233400402414488,0.21227364185110664,0.05470031499862671
0.22233400402414488,0.21428571428571427,0.05467244386672965
0.22535211267605634,0.21428571428571427,0.0545424222946167
0.22535211267605634,0.2152917505030181,0.054527246952056796
0.22635814889336017,0.2152917505030181,0.054512965679168524
0.22635814889336017,0.21830985915492956,0.05437279939651507
0.2323943661971831,0.21830985915492956,0.05399919748306292
0.2323943661971831,0.22032193158953722,0.05394318103790274
0.23340040241448692,0.22032193158953722,0.05385136604309082
0.23340040241448692,0.22334004024144868,0.053639674186706454
0.23541247484909456,0.22334004024144868,0.05348933935165423
0.23541247484909456,0.2243460764587525,0.05342389345169085
0.23843058350100604,0.2243460764587525,0.05336003303527814
0.23843058350100604,0.22535211267605634,0.053063619136810125
0.23943661971830985,0.22535211267605634,0.053015828132629395
0.23943661971830985,0.22736418511066397,0.052721965312957586
0.24245472837022133,0.22736418511066397,0.05245807170867911
0.24245472837022133,0.2323943661971831,0.051962852478027344
0.2454728370221328,0.2323943661971831,0.05181076526641837
0.2454728370221328,0.23440643863179075,0.05178003311157209
0.2505030181086519,0.23440643863179075,0.05142476558685294
0.2505030181086519,0.23843058350100604,0.050950396060943426
0.2515090543259557,0.23843058350100604,0.0508802294731141
0.2515090543259557,0.2414486921529175,0.050683331489563166
0.25251509054325955,0.2414486921529175,0.05059809684753436
0.25251509054325955,0.24245472837022133,0.05051504373550397
0.25553319919517103,0.24245472837022133,0.05039508342742938
0.25553319919517103,0.24647887323943662,0.05014162063598615
0.25653923541247486,0.24647887323943662,0.05013161897659302
0.25653923541247486,0.24748490945674045,0.0501305937767027
0.25855130784708247,0.24748490945674045,0.04997037649154645
0.25855130784708247,0.24849094567404426,0.0499274015426634
0.2605633802816901,0.24849094567404426,0.0497828006744383
0.2605633802816901,0.24949698189134809,0.04974578619003278
0.26156941649899396,0.24949698189134809,0.04971854686737043
0.26156941649899396,0.2575452716297787,0.04929291009902936
0.2625754527162978,0.2575452716297787,0.04925769567489624
0.2625754527162978,0.2605633802816901,0.04898890256881705
0.2635814889336016,0.2605633802816901,0.04896091222763044
0.2635814889336016,0.27364185110663986,0.04792143106460589
0.2686116700201207,0.27364185110663986,0.04759432077407855
0.2686116700201207,0.2746478873239437,0.04754176139831534
0.26961770623742454,0.2746478873239437,0.04754165410995492
0.26961770623742454,0.2776659959758551,0.04720208644866952
0.2716297786720322,0.2776659959758551,0.04696309566497803
0.2716297786720322,0.2806841046277666,0.046594667434692205
0.2766599597585513,0.2806841046277666,0.04622839689254743
0.2766599597585513,0.28672032193158953,0.045904016494751065
0.27867203219315895,0.28672032193158953,0.04567961692810041
0.27867203219315895,0.28772635814889336,0.04566335678100586
0.2796780684104628,0.28772635814889336,0.045625293254852206
0.2796780684104628,0.2887323943661972,0.04562089443206796
0.28269617706237427,0.2887323943661972,0.04544553756713876
0.28269617706237427,0.289738430583501,0.0454289674758912
0.2837022132796781,0.289738430583501,0.04540418386459333
0.2837022132796781,0.29275653923541245,0.04499487876892072
0.28470824949698187,0.29275653923541245,0.044939589500427424
0.28470824949698187,0.2937625754527163,0.044930458068847656
0.28672032193158953,0.2937625754527163,0.044541454315185636
0.28672032193158953,0.29577464788732394,0.044415080547332675
0.28772635814889336,0.29577464788732394,0.04439927339553851
0.28772635814889336,0.306841046277666,0.043458306789398105
0.29074446680080485,0.306841046277666,0.043288934230804266
0.29074446680080485,0.30784708249496984,0.043215346336364924
0.2917505030181087,0.30784708249496984,0.043199586868285955
0.2917505030181087,0.31086519114688127,0.043059909343719394
0.29577464788732394,0.31086519114688127,0.04285677671432486
0.29577464788732394,0.3118712273641851,0.04282234907150251
0.29678068410462777,0.3118712273641851,0.04277281761169416
0.29678068410462777,0.31287726358148893,0.04264478683471662
0.2977867203219316,0.31287726358148893,0.04261908531188974
0.2977867203219316,0.3158953722334004,0.04248361587524396
0.2987927565392354,0.3158953722334004,0.042305481433868586
0.2987927565392354,0.32193158953722334,0.041782915592193604
0.30181086519114686,0.32193158953722334,0.04164088964462298
0.30181086519114686,0.32293762575452717,0.041603899002075284
0.3028169014084507,0.32293762575452717,0.04143404960632324
0.3028169014084507,0.3289738430583501,0.04100941419601423
0.30482897384305835,0.3289738430583501,0.04083098173141497
0.30482897384305835,0.3319919517102616,0.040704536437988104
0.3058350100603622,0.3319919517102616,0.04070062637329119
0.3058350100603622,0.3329979879275654,0.040634751319885254
0.306841046277666,0.3329979879275654,0.04063457250595093
0.306841046277666,0.33400402414486924,0.04056514501571673
0.30985915492957744,0.33400402414486924,0.040176427364349454
0.30985915492957744,0.33601609657947684,0.04003151655197135
0.3118712273641851,0.33601609657947684,0.039931869506836026
0.3118712273641851,0.3380281690140845,0.03970731496810931
0.31287726358148893,0.3380281690140845,0.0395462632179262
0.31287726358148893,0.3420523138832998,0.03930234909057617
0.3199195171026157,0.3420523138832998,0.03880907297134417
0.3199195171026157,0.3440643863179074,0.038735616207122625
0.323943661971831,0.3440643863179074,0.03818355798721296
0.323943661971831,0.34808853118712274,0.03796627521514884
0.32494969818913483,0.34808853118712274,0.03787133693695077
0.32494969818913483,0.34909456740442657,0.03784675598144549
0.32595573440643866,0.34909456740442657,0.03778474330902082
0.32595573440643866,0.3501006036217304,0.03768498897552508
0.3299798792756539,0.3501006036217304,0.037476104497909724
0.3299798792756539,0.352112676056338,0.037280845642089666
0.3319919517102616,0.352112676056338,0.03722742795944223
0.3319919517102616,0.35412474849094566,0.037116873264312567
0.3329979879275654,0.35412474849094566,0.03707873821258545
0.3329979879275654,0.3551307847082495,0.03707646131515485
0.335010060362173,0.3551307847082495,0.03698892593383807
0.335010060362173,0.35714285714285715,0.03691422939300537
0.33601609657947684,0.35714285714285715,0.036884081363678156
0.33601609657947684,0.358148893360161,0.036833786964416415
0.33702213279678067,0.358148893360161,0.036798739433288485
0.33702213279678067,0.36016096579476864,0.036412835121154785
0.34004024144869216,0.36016096579476864,0.036304378509521396
0.34004024144869216,0.36619718309859156,0.035821521282195956
0.341046277665996,0.36619718309859156,0.03577284812927228
0.341046277665996,0.3672032193158954,0.03568536043167114
0.3420523138832998,0.3672032193158954,0.035671794414520175
0.3420523138832998,0.369215291750503,0.03558415174484253
0.34507042253521125,0.369215291750503,0.03550058603286743
0.34507042253521125,0.3702213279678068,0.035303473472595215
0.3470824949698189,0.3702213279678068,0.0351593255996705
0.3470824949698189,0.3722334004024145,0.035088753700256436
0.34808853118712274,0.3722334004024145,0.03499823808670044
0.34808853118712274,0.3732394366197183,0.034948337078094305
0.3501006036217304,0.3732394366197183,0.03479797840118426
0.3501006036217304,0.37424547283702214,0.03464168310165405
0.35110663983903423,0.37424547283702214,0.03461073637008649
0.35110663983903423,0.37525150905432597,0.034552478790283114
0.352112676056338,0.37525150905432597,0.03453241586685163
0.352112676056338,0.3772635814889336,0.03452122211456299
0.35412474849094566,0.3772635814889336,0.034404540061950595
0.35412474849094566,0.37927565392354123,0.03431459665298453
0.3551307847082495,0.37927565392354123,0.034286129474639715
0.3551307847082495,0.3812877263581489,0.03419680595397967
0.35714285714285715,0.3812877263581489,0.03404368162155169
0.35714285714285715,0.3843058350100604,0.03384927511215219
0.358148893360161,0.3843058350100604,0.03384675979614249
0.358148893360161,0.386317907444668,0.03380901813507098
0.3591549295774648,0.386317907444668,0.033780038356781006
0.3591549295774648,0.39134808853118713,0.033415234088897794
0.36016096579476864,0.39134808853118713,0.03335101604461688
0.36016096579476864,0.3953722334004024,0.03325711488723737
0.36217303822937624,0.3953722334004024,0.03313640356063852
0.36217303822937624,0.39738430583501005,0.03309992551803598
0.3631790744466801,0.39738430583501005,0.0330957531929017
0.3631790744466801,0.3983903420523139,0.03293555974960327
0.3641851106639839,0.3983903420523139,0.03292437791824332
0.3641851106639839,0.3993963782696177,0.03282064199447632
0.36519114688128773,0.3993963782696177,0.03257019519805926
0.36519114688128773,0.4024144869215292,0.03248913288116473
0.3672032193158954,0.4024144869215292,0.032432949542999356
0.3672032193158954,0.403420523138833,0.03229401111602792
0.369215291750503,0.403420523138833,0.03212655782699603
0.369215291750503,0.41146881287726356,0.031456804275512784
0.3732394366197183,0.41146881287726356,0.03127112388610831
0.3732394366197183,0.4124748490945674,0.03122599124908465
0.37424547283702214,0.4124748490945674,0.03115500211715716
0.37424547283702214,0.4164989939637827,0.030862319469451727
0.3762575452716298,0.4164989939637827,0.03068157434463492
0.3762575452716298,0.41851106639839036,0.030570614337920965
0.3772635814889336,0.41851106639839036,0.03046383857727042
0.3772635814889336,0.41951710261569414,0.030261921882629217
0.3782696177062374,0.41951710261569414,0.03025840520858747
0.3782696177062374,0.4255533199195171,0.02982450723648089
0.3853118712273642,0.4255533199195171,0.029402387142181574
0.3853118712273642,0.42655935613682094,0.029400169849395752
0.386317907444668,0.42655935613682094,0.02923983335494995
0.386317907444668,0.4275653923541248,0.029181826114654363
0.38832997987927564,0.4275653923541248,0.028813910484314142
0.38832997987927564,0.42857142857142855,0.02869858741760245
0.39134808853118713,0.42857142857142855,0.028480041027068914
0.39134808853118713,0.4295774647887324,0.0282981038093566
0.39235412474849096,0.4295774647887324,0.02826114892959586
0.39235412474849096,0.43158953722334004,0.028141915798187256
0.3933601609657948,0.43158953722334004,0.028056013584136785
0.3933601609657948,0.4336016096579477,0.027947139739990412
0.39436619718309857,0.4336016096579477,0.027862143516540705
0.39436619718309857,0.4346076458752515,0.02772001028060922
0.3953722334004024,0.4346076458752515,0.02768043279647836
0.3953722334004024,0.43561368209255535,0.027631974220275968
0.3983903420523139,0.43561368209255535,0.027359414100646795
0.3983903420523139,0.43661971830985913,0.027274513244628817
0.3993963782696177,0.43661971830985913,0.027214896678924738
0.3993963782696177,0.4416498993963783,0.027061378955841153
0.40040241448692154,0.4416498993963783,0.027024030685424805
0.40040241448692154,0.4426559356136821,0.02697906494140634
0.4014084507042254,0.4426559356136821,0.02694679498672503
0.4014084507042254,0.448692152917505,0.02656831741332999
0.4024144869215292,0.448692152917505,0.026479315757751642
0.4024144869215292,0.4507042253521127,0.02635557651519793
0.403420523138833,0.4507042253521127,0.026332426071166815
0.403420523138833,0.4537223340040241,0.0261335492134096
0.40643863179074446,0.4537223340040241,0.02589385509490949
0.40643863179074446,0.45774647887323944,0.025403547286987127
0.40945674044265595,0.45774647887323944,0.025055670738220126
0.40945674044265595,0.45875251509054327,0.024939799308776767
0.4104627766599598,0.45875251509054327,0.02488466501235953
0.4104627766599598,0.46579476861167,0.024526822566985906
0.41448692152917505,0.46579476861167,0.02426532506942758
0.41448692152917505,0.4678068410462777,0.02412216663360578
0.4164989939637827,0.4678068410462777,0.023738884925842196
0.4164989939637827,0.46981891348088534,0.023576581478118808
0.41750503018108653,0.46981891348088534,0.023379087448120117
0.41750503018108653,0.4708249496981891,0.02334396839141828
0.41951710261569414,0.4708249496981891,0.023329186439513983
0.41951710261569414,0.47183098591549294,0.023249733448028387
0.4215291750503018,0.47183098591549294,0.023166584968566717
0.4215291750503018,0.47283702213279677,0.023092019557952703
0.4225352112676056,0.47283702213279677,0.023081195354461848
0.4225352112676056,0.4768611670020121,0.022878730297088534
0.42655935613682094,0.4768611670020121,0.022637665271759033
0.42655935613682094,0.4788732394366197,0.022540974617004217
0.42857142857142855,0.4788732394366197,0.022371208667755216
0.42857142857142855,0.4818913480885312,0.02225525379180926
0.4295774647887324,0.4818913480885312,0.02218062877655047
0.4295774647887324,0.482897384305835,0.022045361995696844
0.4305835010060362,0.482897384305835,0.022042226791382014
0.4305835010060362,0.48390342052313884,0.02187622785568255
0.4346076458752515,0.48390342052313884,0.021690237522125067
0.4346076458752515,0.4859154929577465,0.021602535247802646
0.43661971830985913,0.4859154929577465,0.021561956405639737
0.43661971830985913,0.4919517102615694,0.021378052234649836
0.43762575452716296,0.4919517102615694,0.021368670463561834
0.43762575452716296,0.4939637826961771,0.021291708946228116
0.4396378269617706,0.4939637826961771,0.021247231960296542
0.4396378269617706,0.4959758551307847,0.02107812166214007
0.4426559356136821,0.4959758551307847,0.020828652381896795
0.4426559356136821,0.5,0.020581626892089755
0.44366197183098594,0.5,0.020502400398254572
0.44366197183098594,0.5010060362173038,0.02049710750579825
0.448692152917505,0.5010060362173038,0.02019380331039411
0.448692152917505,0.5030181086519114,0.0201485514640809
0.44969818913480886,0.5030181086519114,0.019978880882263184
0.44969818913480886,0.5040241448692153,0.01987125873565665
0.4517102615694165,0.5040241448692153,0.019751369953155518
0.4517102615694165,0.5050301810865191,0.019637954235077082
0.45271629778672035,0.5050301810865191,0.019596433639526456
0.45271629778672035,0.5080482897384306,0.01950981616973868
0.4537223340040241,0.5080482897384306,0.019386351108551025
0.4537223340040241,0.5090543259557344,0.019350624084472745
0.45472837022132795,0.5090543259557344,0.019264698028564453
0.45472837022132795,0.5130784708249497,0.019017922878265203
0.4567404426559356,0.5130784708249497,0.018965017795562922
0.4567404426559356,0.5150905432595574,0.0185865640640257
0.45875251509054327,0.5150905432595574,0.018295860290527433
0.45875251509054327,0.5160965794768612,0.01826000213623047
0.4607645875251509,0.5160965794768612,0.018037378787994385
0.4607645875251509,0.5211267605633803,0.017728209495544434
0.46277665995975853,0.5211267605633803,0.017491948604583918
0.46277665995975853,0.5231388329979879,0.017391228675842196
0.46579476861167,0.5231388329979879,0.01719460487365687
0.46579476861167,0.5241448692152918,0.01713671684265128
0.4678068410462777,0.5241448692152918,0.01708883047103882
0.4678068410462777,0.5251509054325956,0.017083847522735507
0.4688128772635815,0.5251509054325956,0.016920650005340487
0.4688128772635815,0.5261569416498993,0.01681030988693255
0.4708249496981891,0.5261569416498993,0.016758728027343572
0.4708249496981891,0.5311871227364185,0.01665980815887469
0.4738430583501006,0.5311871227364185,0.016492712497711004
0.4738430583501006,0.5352112676056338,0.016289162635803045
0.47484909456740443,0.5352112676056338,0.016244244575500666
0.47484909456740443,0.5362173038229376,0.016237759590148837
0.47585513078470826,0.5362173038229376,0.01622098684310913
0.47585513078470826,0.5372233400402414,0.01620492935180673
0.4798792756539235,0.5372233400402414,0.01609669923782331
0.4798792756539235,0.5392354124748491,0.016058957576751798
0.48088531187122735,0.5392354124748491,0.01600252389907819
0.48088531187122735,0.540241448692153,0.015896034240722834
0.4818913480885312,0.540241448692153,0.015772461891174316
0.4818913480885312,0.5422535211267606,0.015271580219268888
0.482897384305835,0.5422535211267606,0.015196502208709717
0.482897384305835,0.5492957746478874,0.014921844005584717
0.48390342052313884,0.5492957746478874,0.014821076393127353
0.48390342052313884,0.5503018108651911,0.014814186096191229
0.4859154929577465,0.5503018108651911,0.014630043506622226
0.4859154929577465,0.5533199195171026,0.014507889747619629
0.48893360160965793,0.5533199195171026,0.01440683603286752
0.48893360160965793,0.5543259557344065,0.014239960908889682
0.48993963782696176,0.5543259557344065,0.014117777347564697
0.4909456740442656,0.5553319919517102,0.014085912704467685
0.4909456740442656,0.5563380281690141,0.014077460765838712
0.4939637826961771,0.5563380281690141,0.013998281955719172
0.4939637826961771,0.5573440643863179,0.013944852352142156
0.4969818913480885,0.5573440643863179,0.013864409923553644
0.4969818913480885,0.5583501006036218,0.013809609413146795
0.49798792756539234,0.5583501006036218,0.013796722888946622
0.49798792756539234,0.5613682092555332,0.01356729269027701
0.49899396378269617,0.5613682092555332,0.013555943965911865
0.49899396378269617,0.562374245472837,0.013491451740264893
0.5010060362173038,0.562374245472837,0.013463628292083918
0.5010060362173038,0.5653923541247485,0.013293302059173673
0.5040241448692153,0.5653923541247485,0.01321544647216788
0.5040241448692153,0.56841046277666,0.013128399848937988
0.5050301810865191,0.56841046277666,0.013094747066497714
0.5050301810865191,0.5704225352112676,0.012937235832214178
0.5070422535211268,0.5704225352112676,0.012821280956268222
0.5070422535211268,0.5714285714285714,0.012773942947387873
0.5080482897384306,0.5714285714285714,0.012758970260620117
0.5080482897384306,0.5734406438631791,0.01234734058380127
0.5090543259557344,0.5734406438631791,0.012245345115661443
0.5090543259557344,0.5804828973843058,0.012096631526946844
0.5100603621730382,0.5804828973843058,0.012060391902923406
0.5100603621730382,0.5865191146881288,0.011525630950927734
0.5110663983903421,0.5865191146881288,0.011444020271301092
0.5110663983903421,0.5875251509054326,0.011413562297820867
0.5120724346076458,0.5875251509054326,0.011348283290863126
0.5120724346076458,0.5885311871227364,0.01100379228591919
0.5130784708249497,0.5885311871227364,0.010932981967926025
0.5130784708249497,0.5895372233400402,0.010808002948761164
0.5171026156941649,0.5895372233400402,0.010722327232360662
0.5171026156941649,0.5915492957746479,0.010698628425598322
0.5191146881287726,0.5915492957746479,0.010527253150939941
0.5191146881287726,0.5925553319919518,0.010523545742034734
0.5201207243460765,0.5925553319919518,0.010518813133239657
0.5201207243460765,0.5935613682092555,0.010517263412475497
0.5211267605633803,0.5935613682092555,0.01042032241821289
0.5211267605633803,0.5955734406438632,0.010332643985748291
0.5221327967806841,0.5955734406438632,0.010172510147094638
0.5221327967806841,0.5975855130784709,0.010077285766601385
0.5231388329979879,0.5975855130784709,0.01002368927001962
0.5231388329979879,0.6036217303822937,0.009785509109497159
0.5251509054325956,0.6036217303822937,0.009708380699157804
0.5251509054325956,0.6046277665995976,0.009687304496765137
0.528169014084507,0.6046277665995976,0.009395694732666104
0.528169014084507,0.6056338028169014,0.00936725139617911
0.5331991951710262,0.6056338028169014,0.00916168689727792
0.5331991951710262,0.6066398390342053,0.009155082702636541
0.53420523138833,0.6066398390342053,0.009129309654235751
0.53420523138833,0.607645875251509,0.009016406536102473
0.5352112676056338,0.607645875251509,0.008995962142944514
0.5352112676056338,0.613682092555332,0.008667242527008234
0.540241448692153,0.613682092555332,0.008188605308532715
0.540241448692153,0.6187122736418511,0.007801568508148282
0.5422535211267606,0.6187122736418511,0.0076822638511657715
0.5422535211267606,0.6197183098591549,0.007623183727264227
0.5442655935613682,0.6197183098591549,0.007331800460815607
0.5442655935613682,0.6207243460764588,0.0073161602020261896
0.545271629778672,0.6207243460764588,0.007290565967559726
0.545271629778672,0.6227364185110664,0.007009351253509433
0.5462776659959758,0.6227364185110664,0.006997954845428644
0.5462776659959758,0.6277665995975855,0.006510567665100275
0.5472837022132797,0.6277665995975855,0.006352555751800715
0.5472837022132797,0.6338028169014085,0.006199884414672674
0.5482897384305835,0.6338028169014085,0.006187963485717596
0.5482897384305835,0.6368209255533199,0.006072175502777277
0.5503018108651911,0.6368209255533199,0.005674386024475009
0.5503018108651911,0.6378269617706237,0.005650126934051425
0.5523138832997988,0.6378269617706237,0.005387949943542303
0.5523138832997988,0.6398390342052314,0.005064940452575772
0.5533199195171026,0.6398390342052314,0.005039405822754084
0.5533199195171026,0.6428571428571429,0.0048752784729004794
0.5543259557344065,0.6428571428571429,0.004647815227508456
0.5543259557344065,0.6438631790744467,0.004551672935485751
0.5563380281690141,0.6438631790744467,0.004490458965301425
0.5563380281690141,0.6458752515090543,0.004195892810821444
0.5573440643863179,0.6458752515090543,0.004079663753509433
0.5573440643863179,0.6509054325955734,0.003535366058349698
0.5583501006036218,0.6509054325955734,0.003458929061889826
0.5583501006036218,0.6529175050301811,0.0033138513565065253
0.5603621730382293,0.6529175050301811,0.00320090055465716
0.5603621730382293,0.6549295774647887,0.0031339526176452637
0.562374245472837,0.6549295774647887,0.0029705524444580966
0.562374245472837,0.6559356136820925,0.0028588294982911933
0.5633802816901409,0.6559356136820925,0.0027128934860227716
0.5633802816901409,0.6569416498993964,0.0024905323982240546
0.5653923541247485,0.6569416498993964,0.002336859703063965
0.5653923541247485,0.6579476861167002,0.002245628833770663
0.5663983903420523,0.6579476861167002,0.002090013027191251
0.5663983903420523,0.6589537223340041,0.001984643936157049
0.5704225352112676,0.6589537223340041,0.0017807006835939276
0.5704225352112676,0.6619718309859155,0.0015504240989683282
0.5714285714285714,0.6619718309859155,0.0014251232147217685
0.5714285714285714,0.6649899396378269,0.0013243436813352716
0.5724346076458753,0.6649899396378269,0.0011253595352171963
0.5724346076458753,0.6659959758551308,0.001076006889343173
0.5774647887323944,0.6659959758551308,0.0008452773094176358
0.5774647887323944,0.670020120724346,0.0005551934242249423
0.5784708249496981,0.670020120724346,0.0003505587577818936
0.5784708249496981,0.6720321931589537,8.594989776611328e-05
0.579476861167002,0.6720321931589537,3.6919116973788135e-05
0.5824949698189135,0.6750503018108652,0.0
0.5824949698189135,0.6800804828973843,-0.00020892620086687685
0.5835010060362174,0.6800804828973843,-0.00023930072784406065
0.5835010060362174,0.6810865191146881,-0.00035235881805428804
0.5845070422535211,0.6810865191146881,-0.0003800272941587579
0.5845070422535211,0.682092555331992,-0.0004051566123961514
0.5865191146881288,0.682092555331992,-0.0007432818412782538
0.5865191146881288,0.6830985915492958,-0.0007455229759214532
0.5885311871227364,0.6830985915492958,-0.0007592916488645685
0.5885311871227364,0.6841046277665996,-0.0009486079216003418
0.5925553319919518,0.6841046277665996,-0.0010294556617735928
0.5925553319919518,0.6851106639839034,-0.0010478377342222345
0.5945674044265593,0.6851106639839034,-0.001057338714599787
0.5945674044265593,0.6941649899396378,-0.0014839053153989923
0.596579476861167,0.6941649899396378,-0.0015004754066465509
0.596579476861167,0.6971830985915493,-0.0016099691390989435
0.5975855130784709,0.6971830985915493,-0.001621139049530207
0.5975855130784709,0.6991951710261569,-0.0017436265945436347
0.5985915492957746,0.6991951710261569,-0.0018247365951538086
0.5985915492957746,0.7052313883299799,-0.002303230762481512
0.5995975855130785,0.7052313883299799,-0.002561962604522794
0.5995975855130785,0.7062374245472837,-0.0025796413421632636
0.60261569416499,0.7062374245472837,-0.002756547927856623
0.60261569416499,0.7112676056338029,-0.0029478549957273614
0.6036217303822937,0.7112676056338029,-0.0029928088188171387
0.6036217303822937,0.7122736418511066,-0.003039014339447199
0.6046277665995976,0.7122736418511066,-0.0030456662178037774
0.6046277665995976,0.7132796780684104,-0.0030757427215575284
0.6086519114688129,0.7132796780684104,-0.0033108830451964444
0.6086519114688129,0.7152917505030181,-0.003591918945312411
0.6096579476861167,0.7152917505030181,-0.0036174654960632324
0.6096579476861167,0.7173038229376257,-0.003799808025360285
0.6146881287726358,0.7173038229376257,-0.004146838188171298
0.6146881287726358,0.7183098591549296,-0.004147183895111262
0.6177062374245473,0.7183098591549296,-0.004205024242401212
0.6177062374245473,0.7243460764587525,-0.004586517810821533
0.6187122736418511,0.7243460764587525,-0.004736292362212957
0.6187122736418511,0.7253521126760564,-0.0047899842262268955
0.6197183098591549,0.7253521126760564,-0.004816377162933261
0.6197183098591549,0.7293762575452716,-0.005158472061157049
0.6217303822937625,0.7293762575452716,-0.0053253173828125
0.6217303822937625,0.7303822937625755,-0.005358088016509832
0.6227364185110664,0.7303822937625755,-0.005659008026122958
0.6227364185110664,0.7313883299798792,-0.00568889379501325
0.6277665995975855,0.7313883299798792,-0.006068933010101141
0.6277665995975855,0.7344064386317908,-0.006670534610748291
0.6287726358148893,0.7344064386317908,-0.006710815429687322
0.6287726358148893,0.7354124748490946,-0.006960082054138006
0.6297786720321932,0.7354124748490946,-0.006988143920898526
0.6297786720321932,0.7364185110663984,-0.007072520256042658
0.6317907444668008,0.7364185110663984,-0.007296550273895086
0.6317907444668008,0.7374245472837022,-0.007314836978912442
0.6327967806841046,0.7374245472837022,-0.007380461692810147
0.6327967806841046,0.7394366197183099,-0.0074689745903016025
0.6348088531187123,0.7394366197183099,-0.007545185089111506
0.6348088531187123,0.7404426559356136,-0.007683396339416504
0.635814889336016,0.7404426559356136,-0.007798588275909513
0.635814889336016,0.7414486921529175,-0.007831525802612482
0.6368209255533199,0.7414486921529175,-0.007852137088775635
0.6368209255533199,0.7434607645875252,-0.007912468910217463
0.6428571428571429,0.7434607645875252,-0.008567798137664617
0.6428571428571429,0.7484909456740443,-0.008981955051422297
0.6468812877263581,0.7484909456740443,-0.009260487556457697
0.6468812877263581,0.7505030181086519,-0.009370255470275701
0.6488933601609658,0.7505030181086519,-0.009709405899047674
0.6488933601609658,0.7515090543259557,-0.00977834463119498
0.6509054325955734,0.7515090543259557,-0.009894514083862216
0.6509054325955734,0.755533199195171,-0.010017669200897306
0.6519114688128773,0.755533199195171,-0.010019230842590154
0.6519114688128773,0.7565392354124748,-0.010072672367095858
0.6529175050301811,0.7565392354124748,-0.010131990909576505
0.6529175050301811,0.7575452716297787,-0.010150516033172519
0.6539235412474849,0.7575452716297787,-0.010260033607482733
0.6539235412474849,0.7595573440643864,-0.01057248115539533
0.6569416498993964,0.7595573440643864,-0.010649490356445135
0.6569416498993964,0.7605633802816901,-0.010767579078674316
0.6579476861167002,0.7605633802816901,-0.010863101482391446
0.6579476861167002,0.761569416498994,-0.010914802551269531
0.6649899396378269,0.761569416498994,-0.011140275001525701
0.6649899396378269,0.7645875251509054,-0.011384022235870539
0.6670020120724346,0.7645875251509054,-0.011501181125640692
0.6670020120724346,0.7655935613682092,-0.01151120662689209
0.6710261569416499,0.7655935613682092,-0.012044548988342285
0.6710261569416499,0.7676056338028169,-0.012120831012725652
0.6720321931589537,0.7676056338028169,-0.012154567241668524
0.6720321931589537,0.7686116700201208,-0.012227261066436679
0.676056338028169,0.7686116700201208,-0.012516057491302579
0.676056338028169,0.7696177062374245,-0.012581503391265958
0.6770623742454729,0.7696177062374245,-0.012687230110168368
0.6770623742454729,0.7706237424547284,-0.012697219848632812
0.6780684104627767,0.7706237424547284,-0.012831485271453946
0.6780684104627767,0.7746478873239436,-0.013239932060241877
0.6800804828973843,0.7746478873239436,-0.01346079111099252
0.6800804828973843,0.7756539235412475,-0.013487255573272794
0.6810865191146881,0.7756539235412475,-0.01350967884063703
0.6810865191146881,0.778672032193159,-0.014035487174987704
0.6841046277665996,0.778672032193159,-0.014137423038482755
0.6841046277665996,0.7796780684104627,-0.01421753168106088
0.6851106639839034,0.7796780684104627,-0.014219117164611994
0.6851106639839034,0.7816901408450704,-0.014454662799835205
0.6861167002012073,0.7816901408450704,-0.01446765661239624
0.6861167002012073,0.7826961770623743,-0.01446889638900739
0.6871227364185111,0.7826961770623743,-0.01461149454116839
0.6871227364185111,0.783702213279678,-0.014692676067352473
0.6881287726358148,0.783702213279678,-0.014696180820465088
0.6881287726358148,0.7847082494969819,-0.014747822284698398
0.6891348088531187,0.7847082494969819,-0.014770436286926092
0.6891348088531187,0.789738430583501,-0.015099525451660156
0.6921529175050302,0.789738430583501,-0.015200686454773127
0.6921529175050302,0.7917505030181087,-0.015384310483932406
0.693158953722334,0.7917505030181087,-0.015438032150268732
0.693158953722334,0.7927565392354124,-0.015514469146728604
0.6941649899396378,0.7927565392354124,-0.015870058536529896
0.6941649899396378,0.7937625754527163,-0.016238594055175692
0.7002012072434608,0.7937625754527163,-0.016628491878509344
0.7002012072434608,0.7947686116700201,-0.016638731956482022
0.704225352112676,0.7947686116700201,-0.017060470581054865
0.704225352112676,0.795774647887324,-0.017197382450103937
0.7052313883299799,0.795774647887324,-0.017409002780914395
0.7052313883299799,0.7967806841046278,-0.017412877082824796
0.7072434607645876,0.7967806841046278,-0.017541003227234064
0.7072434607645876,0.7977867203219315,-0.017583370208740234
0.710261569416499,0.7977867203219315,-0.017997455596924006
0.710261569416499,0.8008048289738431,-0.01812721490860003
0.7112676056338029,0.8008048289738431,-0.018134093284607022
0.7112676056338029,0.8018108651911469,-0.018330192565918058
0.7152917505030181,0.8018108651911469,-0.018624866008758456
0.7152917505030181,0.8078470824949698,-0.019213390350341975
0.716297786720322,0.8078470824949698,-0.019302105903625577
0.716297786720322,0.8118712273641852,-0.019797241687774747
0.7183098591549296,0.8118712273641852,-0.020001864433288663
0.7183098591549296,0.8148893360160966,-0.020863890647888184
0.721327967806841,0.8148893360160966,-0.020939850807189853
0.721327967806841,0.8169014084507042,-0.021173489093780695
0.7223340040241448,0.8169014084507042,-0.02119067907333383
0.7223340040241448,0.817907444668008,-0.021214640140533536
0.7233400402414487,0.817907444668008,-0.021218764781951727
0.7233400402414487,0.8199195171026157,-0.021295642852783292
0.7263581488933601,0.8199195171026157,-0.021723926067352295
0.7263581488933601,0.8209255533199196,-0.021733999252319336
0.7334004024144869,0.8209255533199196,-0.02242300510406503
0.7334004024144869,0.8219315895372233,-0.02247433662414533
0.738430583501006,0.8219315895372233,-0.022657763957977473
0.738430583501006,0.8229376257545271,-0.02270486354827872
0.7394366197183099,0.8229376257545271,-0.022793889045715332
0.7394366197183099,0.8259557344064387,-0.022933888435363592
0.7404426559356136,0.8259557344064387,-0.0231128692626954
0.7404426559356136,0.8269617706237424,-0.0231781005859375
0.7414486921529175,0.8269617706237424,-0.023384571075439453
0.7414486921529175,0.8279678068410463,-0.023387324810028254
0.744466800804829,0.8279678068410463,-0.02371501922607422
0.744466800804829,0.8329979879275654,-0.024517524242400945
0.7454728370221329,0.8329979879275654,-0.02473635673522967
0.7454728370221329,0.8340040241448692,-0.024803531169891535
0.7515090543259557,0.8340040241448692,-0.025444912910461248
0.7515090543259557,0.8350100603621731,-0.02554675340652457
0.7525150905432596,0.8350100603621731,-0.02557183504104632
0.7525150905432596,0.8360160965794768,-0.025622737407684504
0.7545271629778671,0.8360160965794768,-0.025824451446533114
0.7545271629778671,0.8380281690140845,-0.02611265182495126
0.7565392354124748,0.8380281690140845,-0.02613409757614127
0.7565392354124748,0.8390342052313883,-0.026423430442810147
0.7575452716297787,0.8390342052313883,-0.02651468515396127
0.7575452716297787,0.8410462776659959,-0.02701416015624991
0.7585513078470825,0.8410462776659959,-0.027127838134765714
0.7585513078470825,0.8420523138832998,-0.02771139144897461
0.7595573440643864,0.8420523138832998,-0.02800394296646136
0.7595573440643864,0.8430583501006036,-0.028029572963714777
0.761569416498994,0.8430583501006036,-0.02820219993591344
0.761569416498994,0.8440643863179075,-0.028239190578460693
0.7625754527162978,0.8440643863179075,-0.028301942348480047
0.7625754527162978,0.8450704225352113,-0.028370869159698664
0.7686116700201208,0.8450704225352113,-0.02948881387710589
0.7686116700201208,0.8460764587525151,-0.029548144340515226
0.7696177062374245,0.8460764587525151,-0.029553747177124112
0.7696177062374245,0.8470824949698189,-0.029928731918334783
0.7716297786720322,0.8470824949698189,-0.030062520503997714
0.7716297786720322,0.8480885311871227,-0.030246347188949585
0.772635814889336,0.8480885311871227,-0.030440437793731512
0.772635814889336,0.8511066398390342,-0.03077756166458112
0.7736418511066399,0.8511066398390342,-0.030905950069427313
0.7736418511066399,0.8541247484909457,-0.03120431900024423
0.7796780684104627,0.8541247484909457,-0.031776833534240545
0.7796780684104627,0.8551307847082495,-0.03188664913177508
0.7806841046277666,0.8551307847082495,-0.03196176290512076
0.7806841046277666,0.8561368209255533,-0.03199479579925546
0.7816901408450704,0.8561368209255533,-0.03204488754272461
0.7816901408450704,0.8591549295774648,-0.03240039348602286
0.7847082494969819,0.8591549295774648,-0.03273750543594378
0.7847082494969819,0.8601609657947686,-0.033047187328338445
0.7867203219315896,0.8601609657947686,-0.033203840255737305
0.7867203219315896,0.864185110663984,-0.03357290029525739
0.7907444668008048,0.864185110663984,-0.03443528413772601
0.7907444668008048,0.8651911468812877,-0.03447650671005231
0.7927565392354124,0.8651911468812877,-0.03453266620635986
0.7927565392354124,0.869215291750503,-0.03465483188629159
0.7947686116700201,0.869215291750503,-0.034882271289825795
0.7947686116700201,0.8722334004024145,-0.0352166414260866
0.7997987927565392,0.8722334004024145,-0.03585001230239859
0.7997987927565392,0.8762575452716298,-0.036117184162139715
0.8008048289738431,0.8762575452716298,-0.03618643283844003
0.8008048289738431,0.8772635814889336,-0.03622281551361084
0.8038229376257545,0.8772635814889336,-0.03677446842193621
0.8038229376257545,0.8792756539235412,-0.03728194236755389
0.8108651911468813,0.8792756539235412,-0.038071608543396085
0.8108651911468813,0.8802816901408451,-0.03832721710205078
0.8118712273641852,0.8802816901408451,-0.03845591545104998
0.8118712273641852,0.8812877263581489,-0.0385444998741149
0.8128772635814889,0.8812877263581489,-0.03866047859191912
0.8128772635814889,0.8822937625754527,-0.03893545866012582
0.8158953722334004,0.8822937625754527,-0.038996326923370184
0.8158953722334004,0.8843058350100603,-0.039206719398498624
0.823943661971831,0.8843058350100603,-0.03978931903839111
0.823943661971831,0.8853118712273642,-0.039898657798767
0.8259557344064387,0.8853118712273642,-0.0400554418563841
0.8259557344064387,0.8883299798792756,-0.04035724401474017
0.8279678068410463,0.8883299798792756,-0.040527939796447754
0.8279678068410463,0.8893360160965795,-0.04065502882003802
0.8350100603621731,0.8893360160965795,-0.041095888614654186
0.8350100603621731,0.8903420523138833,-0.041221678256988525
0.8360160965794768,0.8903420523138833,-0.041270244121551336
0.8360160965794768,0.8943661971830986,-0.04175628423690814
0.8370221327967807,0.8943661971830986,-0.041773545742034734
0.8370221327967807,0.8993963782696177,-0.042239701747894376
0.8390342052313883,0.8993963782696177,-0.04228956699371356
0.8390342052313883,0.903420523138833,-0.042421579360961914
0.8450704225352113,0.903420523138833,-0.04321763515472421
0.8450704225352113,0.9044265593561368,-0.04324409961700448
0.8460764587525151,0.9044265593561368,-0.04345434904098511
0.8460764587525151,0.9054325955734407,-0.0434638977050783
0.8480885311871227,0.9054325955734407,-0.04355702400207484
0.8480885311871227,0.9074446680080482,-0.043948471546173096
0.8501006036217303,0.9074446680080482,-0.04440683126449585
0.8501006036217303,0.9094567404426559,-0.04472900629043597
0.8511066398390342,0.9094567404426559,-0.04473841190338135
0.8511066398390342,0.9104627766599598,-0.04491060972213745
0.8551307847082495,0.9104627766599598,-0.04552855491638219
0.8551307847082495,0.9114688128772636,-0.045576417446136386
0.8661971830985915,0.9114688128772636,-0.046945953369140536
0.8661971830985915,0.9124748490945674,-0.04695216417312631
0.869215291750503,0.9124748490945674,-0.04711030721664411
0.869215291750503,0.9134808853118712,-0.04720143079757699
0.8722334004024145,0.9134808853118712,-0.04800155162811315
0.8722334004024145,0.9144869215291751,-0.04810422658920288
0.8772635814889336,0.9144869215291751,-0.04921324253082293
0.8772635814889336,0.9154929577464789,-0.04923259019851667
0.8782696177062375,0.9154929577464789,-0.04928543567657462
0.8782696177062375,0.9175050301810865,-0.04961817264556867
0.8822937625754527,0.9175050301810865,-0.050884985923767
0.8822937625754527,0.920523138832998,-0.05128024816513044
0.8843058350100603,0.920523138832998,-0.05161719322204572
0.8843058350100603,0.9215291750503019,-0.051808738708496005
0.8893360160965795,0.9215291750503019,-0.05245279073715192
0.8893360160965795,0.9245472837022133,-0.052624332904815496
0.8903420523138833,0.9245472837022133,-0.05328500270843506
0.8903420523138833,0.9255533199195171,-0.053430378437042236
0.8913480885311871,0.9255533199195171,-0.05376894474029559
0.8913480885311871,0.9265593561368209,-0.053787827491760254
0.892354124748491,0.9265593561368209,-0.05420140027999887
0.892354124748491,0.9285714285714286,-0.05440953969955453
0.8933601609657947,0.9285714285714286,-0.05487760305404654
0.8933601609657947,0.9325955734406438,-0.0566969871520997
0.8943661971830986,0.9325955734406438,-0.05681633949279785
0.8943661971830986,0.9346076458752515,-0.057050037384033025
0.8953722334004024,0.9346076458752515,-0.05711073875427264
0.8953722334004024,0.9356136820925554,-0.057249915599823176
0.89738430583501,0.9356136820925554,-0.05761948823928842
0.89738430583501,0.9386317907444668,-0.05861809253692618
0.9024144869215291,0.9386317907444668,-0.0595268130302431
0.9024144869215291,0.9396378269617707,-0.05962777137756348
0.903420523138833,0.9396378269617707,-0.05968775749206534
0.903420523138833,0.9416498993963782,-0.059877073764801114
0.9054325955734407,0.9416498993963782,-0.060176730155944824
0.9054325955734407,0.9436619718309859,-0.06049410104751596
0.9074446680080482,0.9436619718309859,-0.062238311767578214
0.9074446680080482,0.9446680080482898,-0.06288397312164307
0.9104627766599598,0.9446680080482898,-0.06391326189041147
0.9104627766599598,0.9456740442655935,-0.06417669057846087
0.9114688128772636,0.9456740442655935,-0.06443233489990252
0.9114688128772636,0.9476861167002012,-0.0650992274284361
0.9124748490945674,0.9476861167002012,-0.06510289907455435
0.9124748490945674,0.9496981891348089,-0.06542931795120221
0.9134808853118712,0.9496981891348089,-0.065463435649872
0.9134808853118712,0.9507042253521126,-0.06606045961380014
0.9154929577464789,0.9507042253521126,-0.06675724983215314
0.9154929577464789,0.9527162977867203,-0.06705206632614136
0.9185110663983903,0.9527162977867203,-0.0676246047019955
0.9185110663983903,0.954728370221328,-0.06766694784164429
0.9336016096579477,0.954728370221328,-0.07215574979782113
0.9336016096579477,0.9567404426559356,-0.07337886095046997
0.9346076458752515,0.9567404426559356,-0.07348867654800406
0.9346076458752515,0.9617706237424547,-0.07498865127563459
0.937625754527163,0.9617706237424547,-0.07640022039413452
0.937625754527163,0.9627766599597586,-0.07651606798172006
0.9386317907444668,0.9627766599597586,-0.07661123275756854
0.9386317907444668,0.9637826961770624,-0.07706278562545776
0.9446680080482898,0.9637826961770624,-0.07988007068634051
0.9446680080482898,0.96579476861167,-0.08180294036865243
0.9466800804828974,0.96579476861167,-0.08201760053634644
0.9466800804828974,0.9668008048289738,-0.08235502243041992
0.9476861167002012,0.9668008048289738,-0.08310673236846888
0.9476861167002012,0.9678068410462777,-0.0831894040107728
0.9496981891348089,0.9678068410462777,-0.08357646465301505
0.9496981891348089,0.9698189134808853,-0.08455291986465463
0.9507042253521126,0.9698189134808853,-0.08520014286041278
0.9507042253521126,0.9708249496981891,-0.08527455329895028
0.9517102615694165,0.9708249496981891,-0.0854383111000061
0.9517102615694165,0.971830985915493,-0.08563624620437604
0.9527162977867203,0.971830985915493,-0.08582262992858869
0.9527162977867203,0.9728370221327968,-0.08658479452133161
0.9567404426559356,0.9728370221327968,-0.08933360576629656
0.9567404426559356,0.9738430583501007,-0.08938496112823469
0.9577464788732394,0.9738430583501007,-0.09000438451766968
0.9577464788732394,0.9748490945674044,-0.09003233909606934
0.9627766599597586,0.9748490945674044,-0.09278339147567749
0.9627766599597586,0.9758551307847082,-0.09288671016693106
0.9678068410462777,0.9758551307847082,-0.09760915040969831
0.9678068410462777,0.9788732394366197,-0.09870685338974017
0.9688128772635815,0.9788732394366197,-0.0990046977996828
0.9688128772635815,0.9808853118712274,-0.10063353776931772
0.9708249496981891,0.9808853118712274,-0.10169575214385995
0.9708249496981891,0.9818913480885312,-0.10270811319351214
0.9728370221327968,0.9818913480885312,-0.10459421873092634
0.9728370221327968,0.9839034205231388,-0.10608767271041852
0.9738430583501007,0.9839034205231388,-0.10617456436157191
0.9738430583501007,0.9849094567404426,-0.10633201599121112
0.9778672032193159,0.9849094567404426,-0.11423356533050555
0.9778672032193159,0.9859154929577465,-0.11431034803390494
0.9808853118712274,0.9859154929577465,-0.11607710123062098
0.9808853118712274,0.9869215291750503,-0.1180016517639162
0.9828973843058351,0.9869215291750503,-0.11980888843536386
0.9828973843058351,0.9879275653923542,-0.12079634666442862
0.9849094567404426,0.9879275653923542,-0.1217749953269962
0.9849094567404426,0.9889336016096579,-0.12202543020248413
0.9879275653923542,0.9889336016096579,-0.12450428009033221
0.9879275653923542,0.9899396378269618,-0.12464245557785025
0.9909456740442656,0.9899396378269618,-0.13259613513946533
0.9909456740442656,0.9909456740442656,-0.13652029037475621
0.9929577464788732,0.9909456740442656,-0.1395046353340148
0.9929577464788732,0.9919517102615694,-0.14065153598785418
0.993963782696177,0.9919517102615694,-0.1444204807281495
0.993963782696177,0.9929577464788732,-0.15165865421295166
0.9949698189134809,0.9929577464788732,-0.1520504713058468
0.9949698189134809,0.9969818913480886,-0.15771478414535522
0.9979879275653923,0.9969818913480886,-0.2067304968833925
0.9979879275653923,0.9979879275653923,-0.20789918899536097
0.9989939637826962,0.9979879275653923,-0.24793026447296151
0.9989939637826962,0.9989939637826962,-0.2814344286918642
1.0,0.9989939637826962,-0.2866031885147091
1.0,1.0,-0.3482146501541141
